Block,locations
110010109001001,0
110010073011078,1
110010098071011,2
110010098021001,3
110010097001016,4
110010073011014,5
110010073011045,6
110010098042003,7
110010073042005,8
110010073011022,9
110010104002027,10
110010074041000,11
110010074081010,12
110010074011032,13
110010074072001,14
110010075041004,15
110010076052003,16
110010076032000,17
110010076031000,18
110010064002010,19
110010076014000,20
110010076041006,21
110010099012020,22
110010099012013,23
110010099021008,24
110010102001019,25
110010070001004,26
110010071002005,27
110010077091000,28
110010099071001,29
110010099042009,30
110010062021077,31
110010082002012,32
110010080022012,33
110010080021003,34
110010096041001,35
110010096032007,36
110010096031000,37
110010078043008,38
110010078083011,39
110010001004042,40
110010108001004,41
110010107001018,42
110010101001014,43
110010047021008,44
110010106002044,45
110010084101003,46
110010089042001,47
110010111003052,48
110010096021003,49
110010078092007,50
110010078091003,51
110010008021006,52
110010002011000,53
110010001001010,54
110010041003021,55
110010053014002,56
110010050012003,57
110010048011011,58
110010033022005,59
110010088031018,60
110010088042001,61
110010096011010,62
110010008014007,63
110010008012008,64
110010003002001,65
110010004002019,66
110010004002009,67
110010038001001,68
110010036003005,69
110010033011001,70
110010091022003,71
110010091021012,72
110010111001033,73
110010090001010,74
110010009022029,75
110010009011009,76
110010008013010,77
110010004001000,78
110010027022000,79
110010029001007,80
110010032003005,81
110010023021013,82
110010093012017,83
110010093011011,84
110010111002005,85
110010111001000,86
110010009012015,87
110010010014025,88
110010006004000,89
110010013023008,90
110010026001001,91
110010025021001,92
110010024004000,93
110010023021004,94
110010095011007,95
110010095042011,96
110010094001014,97
110010010015011,98
110010012001004,99
110010013011008,100
110010020023008,101
110010022011000,102
110010022021001,103
110010095081012,104
110010095091000,105
110010011001012,106
110010014011017,107
110010014021013,108
110010018042015,109
110010019021013,110
110010095052014,111
110010095051008,112
110010015005003,113
110010015003001,114
110010018042001,115
110010017021018,116
110010016003000,117
110010016004019,118
110010109002009,119
110010098101002,120
110010098112000,121
110010073011082,122
110010098031003,123
110010098011002,124
110010104002017,125
110010074042006,126
110010074092002,127
110010074012002,128
110010074071007,129
110010075021005,130
110010076034003,131
110010075031000,132
110010076051003,133
110010076043000,134
110010076042002,135
110010099022009,136
110010062021229,137
110010105001009,138
110010072002026,139
110010072002039,140
110010071001018,141
110010077091021,142
110010077072016,143
110010102002001,144
110010062021139,145
110010067003009,146
110010069001000,147
110010068041011,148
110010077034003,149
110010077031001,150
110010099061007,151
110010099051004,152
110010108002010,153
110010062021000,154
110010084022006,155
110010080012001,156
110010079031007,157
110010096021023,158
110010078041017,159
110010078071013,160
110010008021013,161
110010002023007,162
110010055002003,163
110010107002009,164
110010101002001,165
110010046002016,166
110010088041002,167
110010096011019,168
110010078062006,169
110010008014000,170
110010003003003,171
110010041002014,172
110010040023001,173
110010043001007,174
110010044002002,175
110010034001003,176
110010087012007,177
110010091022026,178
110010091022013,179
110010111003019,180
110010111003029,181
110010009022023,182
110010008013026,183
110010007014005,184
110010004002001,185
110010005021011,186
110010039002002,187
110010028021004,188
110010035001000,189
110010023021029,190
110010092011006,191
110010092011013,192
110010111001007,193
110010090001001,194
110010009012023,195
110010009013011,196
110010008013000,197
110010006004012,198
110010013022001,199
110010028012002,200
110010095041015,201
110010095032011,202
110010094004016,203
110010010016009,204
110010010014003,205
110010012003007,206
110010013021001,207
110010013023000,208
110010025012004,209
110010022012009,210
110010095011000,211
110010095031005,212
110010010011004,213
110010011004002,214
110010013012008,215
110010013011004,216
110010020012011,217
110010021015000,218
110010021024003,219
110010095053020,220
110010095082001,221
110010014012012,222
110010015002012,223
110010015001031,224
110010018032001,225
110010019013010,226
110010019022007,227
110010095052005,228
110010015004006,229
110010015004000,230
110010103003008,231
110010016004033,232
110010016001011,233
110010031001008,234
110010027013001,235
110010023012010,236
110010081002006,237
110010079014006,238
110010030001005,239
110010037001001,240
110010092042002,241
110010087022005,242
110010083021009,243
110010083012002,244
110010088023000,245
110010089031009,246
110010093021010,247
110010066001010,248
110010056002000,249
110010048021007,250
110010049022005,251
110010047012003,252
110010050023007,253
110010074061001,254
110010065002004,255
110010049012002,256
110010068011002,257
110010068022002,258
110010099032000,259
110010042021001,260
110010042012004,261
110010095071004,262
110010040013006,263
110010074031002,264
110010005011007,265
110010052014005,266
110010010023006,267
110010007021003,268
110010078034002,269
110010092031000,270
110010110001002,271
110010059001029,272
110010058001017,273
110010076014000,274
110010077082006,275
110010105001001,276
