AREALAND,BASENAME,GEOID,POP100,percent_poverty,medianHouseholdIncome,percent_white,percent_POC,Uproduct,mean_expected_waitTime,mean_expected_waitTime_surge,mean_surge_multiplier,proportion,popDensity,percent_POC_zscore,percent_poverty_zscore,medianHouseholdIncome_zscore,proportion_zscore,mean_expected_waitTime_zscore,popDensity_zscore
1868613,1.0,11001000100,4890,2.372685185185185,170338.0,91.31944444444444,6.6550925925925934,uberX,210.20890247322268,256.7593980661503,1.5900443786982201,26.124719231390504,0.0026169142567241048,-1.541917100099746,-1.1678649182181466,2.3466998883828976,1.1238945860018068,-1.0092893669525427,-0.8272756725329364
542460,2.01,11001000201,3916,86.41975308641975,,71.17585848074923,23.907388137356918,uberX,229.04275092936803,289.42128935532236,1.5987106446776536,25.828686493184634,0.007218965453674004,-1.0158559255606334,4.456719144557173,,1.0852818004394358,-0.7170505527188589,0.22746605298858566
803422,2.02,11001000202,5425,19.738671114817905,152256.0,87.98066359041968,8.855196660074709,uberX,186.2212943632568,238.48833592534993,1.5917884914463372,24.858888115673082,0.006752366751221649,-1.4748309939728914,-0.00570126238455783,1.9061207557594877,0.9587869505233856,-1.3814974245187794,0.1205265385223242
1010815,3.0,11001000300,6233,11.99210396446784,135045.0,86.77414048363218,7.715084717881231,uberX,286.138818917602,352.16104572060044,1.6186804576085194,24.820504069737275,0.006166311342827323,-1.509595563468015,-0.5241157558714601,1.486764077760289,0.9537803592128502,0.1688909076863229,-0.013791196384826518
1532717,4.0,11001000400,1455,9.609012591119948,225179.0,80.8120497707924,14.014407334643092,uberX,282.79303944233845,341.66440153323595,1.618941083375291,27.064315344276658,0.0009492946186412756,-1.3175150924387429,-0.6835966050358963,3.682934829882756,1.2464500284910087,0.1169755156295614,-1.2094765519474922
940549,5.01,11001000501,3376,9.957369062119367,100109.0,82.77298423088367,9.193692353466231,uberX,245.92282659228266,302.8313891834571,1.614978791092244,29.22671625600496,0.0035893930034479864,-1.4645095013008038,-0.6602839505450759,0.6355267933154569,1.5285010043745433,-0.45512780722201757,-0.6043937732545523
581506,5.02,11001000502,3189,3.8300611522368846,113688.0,86.12809784357901,8.915352429996782,uberX,221.78173374613004,281.8630573248408,1.6161093418258878,29.1640866873065,0.00548403627821553,-1.4729967096657162,-1.070334643308576,0.9663875411250623,1.5203319683392937,-0.8297174384432947,-0.1701614643657424
1442823,6.0,11001000600,4539,7.217451844975632,155031.0,81.2210711924179,15.120123429579015,uberX,267.55742864981363,327.94999795122465,1.6467744305657552,26.578547713217112,0.00314591602712183,-1.2837993294494336,-0.8436442401744539,1.9737353499985077,1.183089328978784,-0.11943059342992672,-0.7060340313093368
548945,7.01,11001000701,4620,7.429335370511842,78040.0,83.36516424751719,10.828877005347595,uberX,240.6144774614012,308.96778042959426,1.6474642004773228,26.00667235627279,0.008416143693812677,-1.4146490548271695,-0.8294646057070615,0.09780193556376812,1.1084972394013832,-0.5374957661210933,0.5018467125513415
293676,7.02,11001000702,3364,8.65839243498818,71032.0,80.96926713947991,11.702127659574469,uberX,265.0890426938331,334.9205397301349,1.6430884557721097,25.93514270160977,0.011454800528473556,-1.3880216843628923,-0.7472138508655177,-0.07295232621174663,1.099167328008499,-0.15773175033508657,1.198274895528132
2931409,8.01,11001000801,6709,14.560483230011126,135119.0,80.36509349955476,11.130899376669635,uberX,301.12354430923364,360.2273890549818,1.654884326036538,22.974993483337773,0.0022886605042148674,-1.4054397155260598,-0.352235100842385,1.4885671336066628,0.7130627110310701,0.4014041080693771,-0.9025079797180399
1647257,8.02,11001000802,2869,15.014624634384141,91037.0,80.5004874878128,13.422164445888853,uberX,282.2095296767981,341.3582591379385,1.6085897935333067,19.91068428504863,0.0017416832953206453,-1.3355739060535516,-0.321843124428829,0.4144818927978385,0.31337207313933985,0.10792138086935316,-1.0278694023620127
2959234,9.01,11001000901,7175,12.120545534535855,231042.0,82.92369064470468,13.16432891519753,uberX,334.09229177163763,390.4084797696854,1.6412720291424614,20.035137889196566,0.0024246139372553844,-1.3434358895073741,-0.5155202102320651,3.8257904572785666,0.3296050761462117,0.9129696379512406,-0.871348882954673
1855956,9.02,11001000902,2092,3.384747215081405,191607.0,92.1165381319623,4.712939160239932,uberX,334.5063497034115,399.98313554878223,1.6205306223654863,15.881045000805146,0.0011271818943983586,-1.6011377129803706,-1.1001358694120231,2.864932250498112,-0.21223059675183356,0.9193944427003818,-1.1687066595341478
2454383,10.01,11001001001,7436,5.259697567389876,157621.0,83.21304131408661,7.553509208561474,uberX,277.3988294335719,338.57945596269747,1.63655731662366,21.278758917024305,0.003029682001545806,-1.5145223630344242,-0.9746607501314575,2.0368423046215933,0.4918157571654633,0.033275280897395544,-0.7326736473096155
889584,10.02,11001001002,3442,27.510668563300143,90221.0,79.18088737201366,16.24004550625711,uberX,280.2997658079625,344.8173448173448,1.669260469260465,26.284153005464482,0.0038692242666235003,-1.2496503942239208,0.5144150733338181,0.3945995472486347,1.1446901985648905,0.07828818456354189,-0.5402593912702265
1676582,11.0,11001001100,4779,5.588776448942042,123378.0,81.70155300472653,13.324330407382398,uberX,265.5061690966006,336.3692310117892,1.5898051948051974,18.045135962519034,0.002850442149563815,-1.338557085252695,-0.9526381873128555,1.202490394521857,0.07004081940489042,-0.1512593331010739,-0.7737535359660054
1218245,12.0,11001001200,5008,6.946721311475409,101628.0,84.61065573770492,9.59016393442623,uberX,247.29859895833047,318.2601716411418,1.6124297752808918,22.224587770677783,0.004110831565079274,-1.4524201938222698,-0.861762024435785,0.6725381694052125,0.6151841620458285,-0.4337803866008171,-0.48488553992308553
2854430,13.01,11001001301,3955,9.38423645320197,119234.0,81.00048100048099,16.161616161616163,uberX,312.5973147525495,384.5633491491835,1.539362031588725,16.836006011703578,0.001385565594532008,-1.2520418807975826,-0.6986390367898667,1.1015192671249203,-0.0876710464881626,0.5794389413086787,-1.1094878333928342
1592752,13.02,11001001302,6857,9.928168291431504,93795.0,80.75936377629553,14.558748075936379,uberX,305.90495517728715,379.0800364512885,1.5993480772404634,23.85148983868993,0.004305127226335299,-1.3009169227069974,-0.6622381197211467,0.4816822715045836,0.8273877887928293,0.4755957341567195,-0.4403550181526307
788162,14.01,11001001401,3078,10.891089108910892,113345.0,81.57815781578158,12.301230123012301,uberX,278.37245421390685,354.4387967163175,1.5437411698219876,13.81650638413753,0.0039052885066775613,-1.3697537069353305,-0.5977976910547518,0.9580301336209239,-0.48151698505386953,0.04838270580718739,-0.5319938468083454
895209,14.02,11001001402,2998,9.04669260700389,128625.0,73.1888745148771,20.18111254851229,uberX,293.00576234231426,372.28498074454427,1.4937098844672672,12.132066656284069,0.0033489386277394443,-1.1294784233805784,-0.7212280905810664,1.3303368002775828,-0.7012254889123615,0.2754430766984346,-0.659503386835583
4686643,15.0,11001001500,5911,2.5913621262458473,200404.0,78.78056628056628,17.052767052767052,uberX,355.63728390824195,422.20006881062017,1.497543624161078,9.7108590310397,0.0012612439223555112,-1.2248686919732883,-1.1532306559137007,3.0792766056406924,-1.0170337045919497,1.247276403206159,-1.137981052920263
2665665,16.0,11001001600,3957,2.8766455387615797,136875.0,23.375363724539284,73.61784675072744,uberX,303.0614508799216,381.8466584887567,1.5459811616954522,12.380391134361345,0.0014844325899916156,0.4999274191643988,-1.134138966275036,1.531353161528724,-0.6688354908331037,0.43147398569593975,-1.0868285580120414
939294,17.02,11001001702,2644,9.396200814111262,89926.0,41.17647058823529,50.15126050420168,uberX,284.907717467487,360.6004618937644,1.5089299461124004,10.11603457674636,0.0028148801120841823,-0.21562141265567203,-0.6978383597957474,0.38741168948268484,-0.9641849671303249,0.14978829948488578,-0.7819039808804793
1136289,18.03,11001001803,3514,10.025445292620864,47436.0,9.185750636132315,74.19847328244275,uberX,267.66713417484806,352.38601823708206,1.4851063829787303,10.254012778556957,0.003092523116918319,0.5176320240067047,-0.6557281642375454,-0.6478834850095557,-0.9461878944042363,-0.11772832781885964,-0.7182711246897823
601353,18.04,11001001804,4480,13.927927927927927,46505.0,25.233142037302724,58.69799139167863,uberX,254.2495729956595,340.5279755552591,1.499568345323747,10.82540005581014,0.007449867216094374,0.04498757572328597,-0.39456686279155984,-0.6705678768065026,-0.8716594670979935,-0.325924341397515,0.2803863080875802
769306,19.01,11001001901,4016,12.786108918705605,73295.0,13.891081294396212,79.05814259405419,uberX,264.6764774585377,345.63758389261744,1.4990305741983672,10.441485634197617,0.005220289455691233,0.6658142377477526,-0.47097948683922686,-0.017812929180069995,-0.9217350274088838,-0.16413339338947938,-0.23060946174449118
877350,19.02,11001001902,1969,9.95980348369808,89639.0,12.071269487750556,73.05122494432071,uberX,296.2421640659537,369.7459125055236,1.5320061728395087,12.64183963143069,0.0022442582777682796,0.48264984979837566,-0.6601210345843456,0.38041875667309966,-0.6347336721824843,0.32566128909950326,-0.912684502954094
632723,20.01,11001002001,2340,6.8181818181818175,52455.0,28.749999999999996,48.86363636363637,uberX,238.64443751947647,321.6836461126005,1.528632707774801,14.529448426301029,0.0036983008362269114,-0.2548839598334167,-0.8703641232771859,-0.5255924405102251,-0.3885249789693471,-0.5680642470113187,-0.5794332435793969
849779,20.02,11001002002,3813,15.882505848713283,64559.0,22.82243473765831,60.17058671491341,uberX,232.30169253568366,312.9779735682819,1.5451101321585896,17.705327197566493,0.004487048985677452,0.08989030900603402,-0.26376292046223615,-0.2306709815303692,0.02571814397092586,-0.6664825961536281,-0.3986604645401836
600991,21.01,11001002101,5309,18.200946870068385,47740.0,10.257307894276211,68.52791878172589,uberX,251.23799109583692,338.61386138613864,1.5331683168316845,14.199796922596267,0.008833742934586376,0.3447241026697988,-0.10860859152690279,-0.6404763366676954,-0.43152280042655755,-0.3726540963608243,0.5975560658245193
726388,21.02,11001002102,4648,23.023915687069316,51555.0,9.762479871175524,65.41867954911433,uberX,290.4644446179065,370.8437343984024,1.5456814777833272,15.635001170868785,0.006398784120883054,0.24991642688041044,0.21415333486466978,-0.5475214981012587,-0.24432312037559012,0.23601026082433027,0.0394891189723329
415172,22.01,11001002201,3442,8.156606851549755,67117.0,11.857601713062097,78.42612419700214,uberX,248.47846441947564,322.7323743161801,1.5817029632274127,21.85549313358302,0.008290539824458296,0.6465425796996485,-0.780794263198935,-0.16834372673274267,0.5670416080812394,-0.41547279088434863,0.47305962691813025
693964,22.02,11001002202,3087,25.75031525851198,49944.0,6.960907944514502,69.40731399747794,uberX,286.9737763598164,368.80536912751677,1.5551230425055949,17.39164267372189,0.00444835755168856,0.37153883459241505,0.39660899883041545,-0.5867745111892089,-0.015197037663555854,0.1818466757767633,-0.40752813421656475
412610,23.01,11001002301,2974,15.915363385464582,71000.0,23.765716038025143,62.404170499846664,uberX,271.55652648825776,338.47784200385354,1.5897559409120052,24.295857064835765,0.007207774896391265,0.15799728678674385,-0.26156403378875237,-0.0737320260372056,0.8853484607039962,-0.0573778688881157,0.2249012949724719
2010229,23.02,11001002302,2036,32.360570687418935,61458.0,37.04508419337317,59.31558935361216,uberX,272.63813488645013,329.9015175555846,1.6025219084712679,26.54943574432618,0.0010128199324554565,0.06381952237089106,0.838979426077146,-0.3062287677412527,1.179292133375025,-0.040594896651244175,-1.1949172182418886
556234,24.0,11001002400,3618,12.746942615239886,91591.0,26.436244745446054,58.47734703409622,uberX,261.9007490636704,329.1877417435287,1.6170782505206729,26.225031210986266,0.006504456757407854,0.03825963452821092,-0.4736005677617639,0.4279804460260969,1.1369786961611856,-0.20720348480704676,0.06370817569696187
543460,25.01,11001002501,2554,26.588750913075238,35813.0,32.896652110625915,59.31586608442504,uberX,240.7574812967581,307.7054794520548,1.571198630136982,22.75561097256858,0.004699517903801568,0.06382796051386608,0.45271865188649585,-0.9310850809879815,0.6844477345396036,-0.53527682125845,-0.349964823459431
603721,25.02,11001002502,5973,13.99901299555848,65325.0,32.40664582990623,56.09475242638592,uberX,230.80087254596447,293.10179640718565,1.6114371257484994,26.02056715487691,0.009893642924463453,-0.03439101735347524,-0.38980971958025873,-0.21200691695844506,1.1103095959744598,-0.6897703408328434,0.8404739944525442
2112828,26.0,11001002600,2166,3.6744369814302646,129211.0,42.8740623766285,47.09830240821161,uberX,265.8619883040936,330.7187222715173,1.6145814847678137,26.362573099415204,0.0010251662700418585,-0.3087129503949862,-1.080749298486436,1.3446150533313002,1.1549188587119126,-0.14573820004526525,-1.1920875675377887
452924,27.01,11001002701,5233,10.450858328617242,67181.0,72.83342455756248,17.533296843641672,uberX,274.29104767830756,345.38071065989845,1.636735239113,29.112545694952168,0.011553814768040554,-1.2102162611977645,-0.6272587429702398,-0.16678432708182472,1.5136092615957386,-0.014947176513276862,1.220967917709483
486440,27.02,11001002702,5226,7.378309137489325,90658.0,65.56789069171649,26.490179333902645,uberX,247.92838874680308,319.5608884350268,1.6366351799846763,30.35728125242192,0.010743359921059124,-0.9371008308012894,-0.8328793748859122,0.4052473229900588,1.6759653153677836,-0.4240081394985705,1.0352201919282
171911,28.01,11001002801,3773,22.537142857142857,49296.0,35.943546551331664,42.636011837013434,uberX,235.03857844283377,302.44468429573664,1.6358337830544958,28.883173564024627,0.021947403016677233,-0.4447781953317223,0.18157760355404565,-0.602563432654753,1.4836912972544771,-0.6240152112184238,3.603069014497131
229694,28.02,11001002802,4277,15.196960607878424,55875.0,53.530932962005174,28.98348915854386,uberX,223.99164539336272,284.0288844621514,1.6266434262948168,31.066759495629302,0.01862042543557951,-0.8610742237079094,-0.3096408663822815,-0.44226202166429757,1.7685055236979959,-0.7954269448751703,2.8405607492731026
300647,29.0,11001002900,3962,10.579293344289235,81815.0,46.71322925225965,33.50451930977814,uberX,210.22563386834148,269.82044887780546,1.6369077306733069,31.092502132278828,0.013178245583691173,-0.7232178772690253,-0.6186636359630578,0.18978214934838117,1.771863243235309,-1.0090297512355861,1.5932703733243245
210638,30.0,11001003000,3398,26.39496717724289,64564.0,43.743169398907106,53.93442622950819,uberX,208.0597939741306,268.4917869586859,1.6361622697859537,31.120749748276666,0.016131942004766472,-0.10026420701500995,0.4397502885704964,-0.23054915343264124,1.77554769768377,-1.0426363974809354,2.2702265232029895
296909,31.0,11001003100,2885,10.52160953800298,71774.0,34.63487332339791,35.88673621460507,uberX,228.81426909654905,292.3814380418154,1.630239673635889,30.414889492051184,0.009716781909608669,-0.6505787423951447,-0.6225239421655199,-0.054873036508916735,1.683479398495588,-0.7205958323812939,0.7999393102428036
445441,32.0,11001003200,4913,13.55149989511223,68163.0,33.71679564944572,58.60698598619536,uberX,241.22866894197952,297.9973297730307,1.6213618157543355,29.049022649705243,0.011029519060885729,0.042212616856292545,-0.4197581177279612,-0.14285728868805253,1.5053236856852712,-0.5279655529830519,1.1008048566782376
442119,33.01,11001003301,3198,10.797438882421421,96136.0,43.56810244470314,44.81955762514552,uberX,247.9637798931971,308.22984244670994,1.5846153846153797,25.052240538657998,0.007233346678156786,-0.3781969882694949,-0.6040649361180415,0.5387221868608165,0.984006714026331,-0.4234589863777601,0.23076207836443005
204236,33.02,11001003302,2134,14.730381411661552,100395.0,33.976326172731255,57.95703638754932,uberX,207.76008656670274,259.1678129298487,1.5734525447042595,22.47642603184418,0.010448696605887306,0.022394196265954184,-0.34086520265713904,0.6424953605054965,0.6480324775184775,-1.0472868616474977,0.9676864596441699
917526,34.0,11001003400,4347,17.45607333842628,80789.0,24.357326478149098,68.95886889460155,uberX,248.62050290135397,310.9443954104148,1.5986172403648058,26.29787234042553,0.004737740401906867,0.35786473789476947,-0.15845689557221046,0.16478302369460288,1.1464796686826886,-0.41326882510346585,-0.34120462895484877
381868,35.0,11001003500,3740,25.159687721788504,68995.0,22.30288364589635,71.48618673119582,uberX,231.99566160520607,295.70012706480304,1.6232528589580633,30.48497056089247,0.009793960216619355,0.4349283255259185,0.35708311990273073,-0.12258509322611928,1.6926203647939455,-0.6712311804087181,0.817627766373677
305616,36.0,11001003600,4208,10.677749360613811,92139.0,51.814131126670915,39.27434754933164,uberX,185.3023040049482,240.26813880126184,1.6156940063091372,29.41085511056131,0.013768912622375791,-0.5472828770417895,-0.6120747786223794,0.4413328055370818,1.5525190036937282,-1.3957571045427342,1.7286450453844284
292371,37.0,11001003700,5763,17.798779287261272,68462.0,49.87535612535613,42.78846153846153,uberX,199.15397107725622,256.03782976605277,1.6261324041811804,31.07261619364318,0.0197112572724381,-0.4401296621093557,-0.1355223843968684,-0.13557196844392028,1.7692694372633806,-1.1808252083985755,3.0905679318582484
356113,38.0,11001003800,4614,10.552075176194204,89295.0,69.34220830070478,20.399373531714957,uberX,219.8499845344881,275.39894286433423,1.627384847722117,30.72223940612434,0.012956561540859222,-1.1228231566143827,-0.620485125734303,0.3720369835494157,1.7235683305395395,-0.8596917742951313,1.5424627225941179
379810,39.0,11001003900,4474,10.263335584064821,82188.0,77.64547292743204,17.70388676701865,uberX,323.62930766842595,376.3080061193269,1.6246812850586259,30.440856876746352,0.011779573997525078,-1.2050145919344841,-0.6398081092569599,0.19887052543888728,1.6868664328584997,0.7506188536817218,1.27270955835371
271210,40.01,11001004001,3745,2.939659618359979,109884.0,91.8863578192987,7.064243665216279,uberX,206.22273781902553,259.258114374034,1.6182122617207488,30.02320185614849,0.013808487887614764,-1.5294411664902228,-1.129921948398147,0.8737007243736271,1.6323899454026498,-1.0711414114030062,1.7377152798863373
194755,40.02,11001004002,2797,3.4482758620689653,91970.0,80.80341272662638,15.072875933167436,uberX,205.93039443155453,255.6065744847378,1.6063657709365955,29.644238205723124,0.014361633847654745,-1.2852400115541318,-1.0958844157408991,0.4372150158338766,1.5829601348401712,-1.075677610422687,1.8644905154040357
788998,41.0,11001004100,2708,5.968425105891413,125179.0,86.0536398467433,11.340996168582375,uberX,210.092771550058,255.14356648231376,1.5991659940812424,28.73598763045999,0.0034322013490528493,-1.3990333932581769,-0.9272314022975734,1.2463728753234697,1.4644932216464464,-1.0110913334152407,-0.6404204469482728
204529,42.01,11001004201,3342,5.660895850508382,97813.0,82.6743547501373,13.179571663920923,uberX,196.67980523997218,243.0118890356671,1.6051783355349978,29.252647036092434,0.01633998112737069,-1.3429711039212573,-0.9478118245759233,0.5795833308387757,1.531883264245701,-1.2192160498768316,2.3179069017474494
207646,42.02,11001004202,2771,8.364591147786946,88750.0,81.08695652173913,12.5,uberX,194.31465017394666,237.69413003421954,1.6058436430639575,29.369926555856203,0.01334482725407665,-1.3636927677009063,-0.7668755723137523,0.35875772089706764,1.547180521484686,-1.255915406016578,1.6314491399097732
236694,43.0,11001004300,3255,10.140764148233266,81034.0,64.40677966101694,28.411376041367426,uberX,180.56586270871986,233.65171503957782,1.6048812664907566,29.298082869511443,0.013751932875358057,-0.8785192354520077,-0.648010814737891,0.17075260048327312,1.5378096496289142,-1.469250952139537,1.7247534659773427
521740,44.0,11001004400,4572,12.939268336637234,133269.0,68.44284428442845,25.562556255625562,uberX,174.01391035548687,237.72908366533864,1.6081388730791002,27.15610510046368,0.008762985395024342,-0.9653861383895959,-0.4607297774481211,1.443490737447316,1.2584225494829506,-1.5709155052489487,0.5813391820530438
437142,46.0,11001004600,3028,14.177823549605218,91750.0,34.09634437991117,61.769730099077556,uberX,204.2374584525006,248.43581445523193,1.5685364976627068,21.496482955863026,0.006926810967603204,0.13865177641465026,-0.3778433890744859,0.4318545795338462,0.5202144122412625,-1.1019463575799273,0.16050731794422127
324650,47.01,11001004701,3986,26.16118503640472,25577.0,19.432588501129803,76.2992719055988,uberX,194.7333436388932,243.96836808051762,1.5670021567217776,21.50255062606276,0.012277837671338365,0.5816900844717662,0.4241051585694705,-1.18049156265667,0.521005843789359,-1.249418673178981,1.3869063511731445
326358,47.02,11001004702,1802,17.419038272816486,79833.0,49.58424507658643,49.540481400437635,uberX,161.4375144910735,215.6432521220408,1.57058171745152,20.92511013215859,0.005521543826105074,-0.2342454370283341,-0.16093535014527735,0.14148949140901612,0.4456878701717058,-1.7660594251603539,-0.1615651289300743
317491,48.01,11001004801,2143,11.778507742843736,99808.0,37.83910196445276,58.23199251637043,uberX,181.60507190351012,238.31741140215718,1.5893682588597733,25.088912942631826,0.006749797632058862,0.030778225144839036,-0.5384100071049206,0.6281927418322335,0.9887900487320801,-1.4531258748069138,0.1199377234346901
286804,48.02,11001004802,2922,22.17139371759683,75125.0,29.640808934500452,63.11500150920616,uberX,184.94821456175606,238.81207400194742,1.5836092177864245,23.813572422321844,0.010188142424791843,0.1796721180990304,0.1571009997576845,0.026776154588364937,0.8224420619243306,-1.4012513973980734,0.9079701820976236
271887,49.01,11001004901,2087,25.09061619009263,54531.0,46.67727815360128,47.2741742936729,uberX,191.79499072356217,250.23228462216994,1.5900617465451288,26.290970933828078,0.007675983037070548,-0.3033502222644533,0.35246072621227337,-0.4750094143335744,1.1455794894165667,-1.295012157366555,0.33220967575071964
263885,49.02,11001004902,2690,14.961776483436475,97813.0,60.52917723812976,34.90395070677782,uberX,165.70810476705554,215.52656104380242,1.5874184529356865,24.87058641736846,0.010193834435454838,-0.6805460761465377,-0.3253798196995872,0.5795833308387757,0.9603128088373855,-1.6997940391328015,0.9092747310675161
204438,50.01,11001005001,1955,6.229036895064686,132232.0,58.93881453154876,26.529636711281068,uberX,165.275846082522,213.58640226628896,1.5975070821529644,27.2755370112811,0.009562801436132225,-0.9358976868930443,-0.9097907829808128,1.4182235899785363,1.2740005520702529,-1.7065012591523547,0.7646486054373454
233824,50.02,11001005002,6021,15.787700084245998,76507.0,54.92839090143218,25.408593091828134,uberX,153.37300054091648,202.46039142590865,1.587232059645845,24.87443010586508,0.02575013685507048,-0.9700808204725035,-0.27010749624813446,0.06044944080037427,0.9608141571699652,-1.8911939137197482,4.474615609429469
339712,52.01,11001005201,6077,9.030042918454935,101789.0,78.95278969957081,12.068669527896995,uberX,176.45722235103176,231.51601020119014,1.5967979597619635,27.27413246773321,0.017888682177844763,-1.3768450009315663,-0.7223423183013323,0.6764610341520529,1.273817351593318,-1.5330034129836003,2.6728528917826404
286399,53.01,11001005301,5051,7.813688212927756,95078.0,80.8450170519136,13.319439181508146,uberX,204.01113344672956,248.03201766491858,1.6000828043058126,28.011442709138706,0.017636234763389536,-1.3387062296967875,-0.803743007965242,0.5129433613815793,1.3699878036077564,-1.1054581704455755,2.6149945998752346
629386,55.0,11001005500,6671,15.864158163265307,90645.0,76.44437615242778,17.670559311616472,uberX,236.8516228748068,268.22234762979684,1.5955135440180535,27.387944358578054,0.0105992189212979,-1.206030820777062,-0.2649907812518686,0.4049305699359661,1.288662311519959,-0.5958827795390186,1.002184590997182
464182,56.0,11001005600,6756,17.511804557585712,70977.0,74.06206577119036,20.379805465493284,uberX,211.17997063596323,256.06694560669456,1.5784518828451817,25.85580712464261,0.014554635897126559,-1.1234198308293195,-0.15472726008449128,-0.07429243528675424,1.0888192575907953,-0.9942216122618234,1.9087245549610072
910426,58.0,11001005800,2830,13.904338153503893,122500.0,61.883574341861326,30.552465702632553,uberX,157.3829030762096,213.2007233273056,1.5691139240506278,21.37115473798114,0.003108434952428863,-0.8132326108937759,-0.39614553379797496,1.1810973805608267,0.5038673297147954,-1.828973536146075,-0.71462429936682
642060,59.0,11001005900,2998,18.14516129032258,95714.0,59.447913243509696,33.81531383503122,uberX,163.02000463427822,214.94262295081967,1.5529508196721307,18.846064725419016,0.004669345544030153,-0.7137410553254911,-0.11234186492484759,0.5284398954125763,0.17450930069524423,-1.7415044307807668,-0.35688001093701716
6586936,62.02,11001006202,33,,,,,uberX,276.26463051799453,337.80774132570275,1.517142151414106,12.54754258644214,5.009916598552043e-06,,,,-0.6470332293171958,0.01567627839053885,-1.4258966727571478
688026,64.0,11001006400,2139,46.97885196374622,19933.0,5.186304128902316,93.55488418932526,uberX,266.00077549437765,326.85851318944844,1.4705835331734656,9.701434664598683,0.0031088941406284066,1.1078523938186808,1.8172616427586108,-1.318011119371996,-1.018262964040258,-0.14358468351815284,-0.7145190582616696
504908,65.0,11001006500,2531,5.453788509575354,128654.0,87.28778467908903,10.144927536231885,uberX,219.253073532823,279.1547749725576,1.5475850713501687,14.087991958555632,0.005012794410070746,-1.4355042077031939,-0.9616718280023911,1.331043403244405,-0.4461059885140434,-0.8689538517582601,-0.2781651435674074
287216,66.0,11001006600,1909,4.554865424430641,159659.0,89.95859213250517,6.884057971014493,uberX,220.24740992732333,289.5048439181916,1.5741657696447844,14.365238905211072,0.006646565650938667,-1.534935432321746,-1.0218294109451687,2.0864994372555117,-0.40994351214771707,-0.8535250513431567,0.09627803925562571
428320,67.0,11001006700,3775,4.6220633299284986,138292.0,82.08238564569118,15.466262319939347,uberX,219.3565849508932,289.2648648648649,1.5740000000000056,14.306704817879515,0.008813503922301083,-1.2732447785640657,-1.0173324037591562,1.565879244424829,-0.4175783574554368,-0.8673476981276351,0.5929174971022093
244792,68.01,11001006801,1949,16.190944881889763,77348.0,32.1944177093359,64.91819056785371,uberX,276.73896204492644,353.491975650249,1.6164360819037091,13.996901626646011,0.007961861498741788,0.23465539563719448,-0.24312161418393854,0.08094092683821785,-0.45798728067837624,0.02303632927482865,0.3977300120199914
280108,68.02,11001006802,2084,13.232682060390763,105625.0,50.1985002205558,40.097044552271726,uberX,276.1932038083443,347.5170068027211,1.6085600907029487,13.654307608948061,0.007439987433418538,-0.5221970007574701,-0.4410939924572277,0.7699275507289471,-0.5026732482524173,0.014567972938182912,0.2781219658233753
1542829,68.04,11001006804,3670,95.0,,3.091755319148936,92.15425531914893,uberX,339.6879366557988,416.91685912240183,1.6113741339491965,13.445117217823318,0.00237874709381273,1.065144079054043,5.030925018122118,,-0.5299588240409672,0.9997954733415889,-0.8818610809999695
398513,69.0,11001006900,2179,5.679702048417132,114676.0,70.81005586592178,27.79329608938548,uberX,273.7302570455249,354.9585406301824,1.6188501934770607,14.005884174667079,0.00546782664555485,-0.8973658790569149,-0.9465532792907593,0.990460773236108,-0.456815649450549,-0.02364878574302947,-0.1738765416629977
423352,70.0,11001007000,2812,6.378424657534247,112371.0,76.36496885305974,14.25430560644925,uberX,216.47595484768826,273.77777777777777,1.565470085470087,13.56888820163909,0.0066422267994482136,-1.3102000562275444,-0.8997934796965704,0.9342980201835165,-0.5138148580529941,-0.9120455158660901,0.0952836201342445
601671,71.0,11001007100,2911,40.08995502248875,65195.0,35.23238380809595,62.09895052473763,uberX,275.3138685262757,342.2094541477253,1.5943525385054196,13.562920865827103,0.004838192301108081,0.1486904453764491,1.356244014024304,-0.21517444749937215,-0.5145932025681427,0.0009236080732992879,-0.31818211030802807
1368066,72.0,11001007200,2794,10.127531882970743,106000.0,68.236402166235,28.773251707087354,uberX,251.65476731111332,310.19864832633476,1.5510889856876175,12.427071070364764,0.002042299128843199,-0.8674848350006705,-0.6488963422187243,0.7790646580585444,-0.6627468319574363,-0.3661871128743221,-0.9589714154863311
4589042,73.01,11001007301,3012,3.1345826235093694,66094.0,66.90727373681288,26.51304830649639,uberX,564.8920092630494,690.933730005954,1.3214528173794966,2.303102375020303,0.0006563461393467308,-0.9364035045497217,-1.1168773430881807,-0.19326975552788417,-1.9832583221482254,4.494215176918683,-1.2766172618867513
1240387,73.04,11001007304,3546,39.08879860708067,26683.0,2.912087912087912,95.57692307692308,uberX,377.6465087281795,480.8927464352139,1.6163050216987005,12.570137157107231,0.002858785201715271,1.1695088933502042,1.2892447889583354,-1.1535431874392443,-0.6440861251649573,1.5887865188130634,-0.7718413961731723
1210265,74.01,11001007401,2414,60.11466011466011,14813.0,0.16339869281045752,99.83660130718954,uberX,301.3334435700498,377.56804201174145,1.515147625160467,12.09448234702004,0.001994604487446964,1.2993960337112276,2.6963340366239907,-1.4427630914454315,-0.7061277672310268,0.40466104789409046,-0.9699025255960442
330203,74.03,11001007403,2859,33.42391304347826,28149.0,0.4507211538461538,98.01682692307693,uberX,367.95169458511884,457.46305418719214,1.7021551724137955,12.652902220490844,0.008658310191003715,1.243907032411746,0.9101402484415081,-1.1178231891854051,-0.6332907325206983,1.4383551825951304,0.5573487263664128
813212,74.04,11001007404,3310,47.0242860955431,28250.0,0.16012810248198558,98.18521483853749,uberX,353.9892155715138,439.06558328496806,1.6325885084155567,13.406018068946594,0.004070279336753515,1.2490415575162768,1.8203021782584456,-1.1153622616113004,-0.5350586892126303,1.2217038529319548,-0.4941796840878444
360152,74.06,11001007406,3063,38.47874720357942,31331.0,0.0,97.98657718120806,uberX,341.8997279440342,418.8427819988311,1.5850964348334307,13.29965021375826,0.00850474244208001,1.2429846499556982,1.2484190292109634,-1.0402917877913287,-0.5489326925002673,1.034115132699122,0.5221526136870067
604673,74.07,11001007407,2587,21.618852459016395,39245.0,0.711864406779661,96.16949152542374,uberX,331.72217043688113,406.5808452356914,1.5869176180191356,12.601488834671159,0.004278345485907259,1.1875776340116566,0.12012392447542267,-0.8474622747075068,-0.6399967950113624,0.8761932218049595,-0.4464931113425244
376318,74.08,11001007408,3038,48.789764868603044,23879.0,0.47661602621388144,98.48078641644325,uberX,354.00514379237785,440.4060913705584,1.679441624365485,12.282752708284624,0.008072959571426295,1.2580541976620496,1.938451258507029,-1.2218643846450867,-0.6815708782486873,1.221951006050395,0.42319252164244736
397785,74.09,11001007409,3499,32.40644490644491,34000.0,0.6496881496881497,99.35031185031184,uberX,350.9447165850245,442.6162430254185,1.7166150030998208,12.54179301765026,0.008796209007378358,1.2845679778048527,0.842049413022187,-0.9752599492241414,-0.6477831695710421,1.1744633340428385,0.5889536845265402
615798,75.02,11001007502,4541,56.96,23304.0,0.7207890743550834,98.99468892261002,uberX,354.3283116072125,433.8053097345133,1.6461441213653636,12.348762781984233,0.007374171400361807,1.2737242373556792,2.4852183909807524,-1.2358746158838025,-0.6729609088373084,1.226965497869509,0.2630376233633767
499811,75.03,11001007503,2425,47.09035222052068,30893.0,1.110260336906585,98.04747320061256,uberX,296.38127765272066,372.58003766478345,1.5737602008788472,12.36513234495071,0.004851833993249449,1.244841506129392,1.8247234446145175,-1.0509639291522983,-0.670825758419807,0.3278198702166461,-0.3150555779657204
796618,75.04,11001007504,2451,45.753205128205124,18529.0,2.1343873517786562,97.82608695652173,uberX,360.5395261552897,436.6792452830189,1.606352201257862,12.432559230588787,0.003076756990175969,1.2380909431512053,1.7352391066973116,-1.3522204492140084,-0.6620309883141069,1.3233429312287972,-0.7218845550957801
1107288,76.01,11001007601,4355,23.074921956295526,37434.0,2.0887055183084065,96.64775657555441,uberX,324.0224421413543,399.1583166332665,1.580026720106881,11.665238058131381,0.003933032779186625,1.2021610077638587,0.21756676802962563,-0.8915884117045755,-0.7621158913188565,0.756718995799276,-0.525635151390323
1226618,76.03,11001007603,4044,14.812775330396477,53897.0,9.498898678414097,84.63656387665198,uberX,316.11993489164456,410.94483173030835,1.682229283793696,10.59306748424853,0.0032968699301657075,0.8359128106815994,-0.33535125037113367,-0.49045721712548024,-0.901963574066811,0.6340983134939175,-0.6714369846106316
1369578,76.04,11001007604,3644,13.242249080399368,56736.0,4.046242774566474,93.9831844456122,uberX,320.607927019988,408.8671811987767,1.6267472793228563,10.693485811983024,0.0026606735797450017,1.120912228974709,-0.4404537499167992,-0.4212832232355421,-0.8888655924758446,0.703737054664166,-0.8172464959993715
453791,76.05,11001007605,3447,24.780515434721043,44489.0,1.9236209335219234,94.11598302687412,uberX,335.00512586473724,415.40735405319026,1.6176413255360642,11.984119436298709,0.0075960078538357964,1.1249615554805361,0.331708214434382,-0.7196889658104179,-0.7205228622855419,0.9271337931731898,0.3138802050095361
1017266,77.03,11001007703,5187,45.2795412656154,25180.0,0.0,98.52549662092976,uberX,339.5837805262463,429.5088495051614,1.6389136603161776,9.613284203703927,0.005098961333613824,1.259417512046795,1.7035406515439984,-1.1901647136162703,-1.0297607965583169,0.9981793159287017,-0.25841659107826026
842852,77.07,11001007707,3867,20.35193331789766,47883.0,1.639344262295082,95.33242258652095,uberX,343.42580292255997,437.9286926994907,1.7085738539898159,9.205282488083144,0.004587994096235164,1.1620535251748447,0.035339369964428755,-0.6369920530726757,-1.0829781631571047,1.0577947509775913,-0.3755249070385272
737121,77.08,11001007708,2486,33.750446907400786,27760.0,0.0,100.0,uberX,349.75598347236297,425.01506024096386,1.6034638554216896,10.353161300382006,0.0033725806210920593,1.3043784262302403,0.9319924940086388,-1.1273014151886407,-0.9332555388976833,1.1560181418085789,-0.6540848906484843
838021,77.09,11001007709,2007,26.999432785025522,34825.0,2.1468926553672314,90.96045197740112,uberX,310.0280330070216,391.7848383433211,1.602338766832035,10.939091248408051,0.002394928050729039,1.0287423383987735,0.480202236614957,-0.9551583130990272,-0.8568302503474445,0.5395722166457044,-0.8781525758816847
1007762,78.03,11001007803,3293,21.35728542914172,36957.0,1.330671989354624,92.68130405854956,uberX,316.15366669258884,414.86023444544634,1.6307484220018058,8.624309821914613,0.0032676366046745166,1.081214976875672,0.10261937869746139,-0.9032108122278233,-1.158756852745024,0.634621719081091,-0.67813695530886
839831,78.04,11001007804,3446,25.735775016350555,39525.0,0.637329286798179,95.7814871016692,uberX,326.77154670529524,432.5052966231625,1.6568654019873565,8.622929930779339,0.004103206478446259,1.1757465091415156,0.39563593913455386,-0.8406399012347409,-1.1589368377048928,0.7993759737313866,-0.48663312957134663
688867,78.06,11001007806,2347,23.317535545023695,34896.0,2.7410207939508506,95.36862003780719,uberX,330.89767441860465,429.21985815602835,1.619148936170216,6.558139534883721,0.003407043739938188,1.1631572666270795,0.233802914734669,-0.9534283541112901,-1.428256066622459,0.8633997802902015,-0.6461863063253219
523815,78.07,11001007807,2139,22.78880866425993,32000.0,1.2612612612612613,98.1081081081081,uberX,333.1016791044776,442.42931937172773,1.6897382198952906,7.423818407960199,0.004083502763380201,1.2466904004155124,0.19841954133014472,-1.023991188315327,-1.3153419582216126,0.8975986174245651,-0.4911490138017811
936697,78.08,11001007808,3646,32.10733287069165,40923.0,0.9019426456984274,98.19611470860315,uberX,350.0023424689623,455.88461538461536,1.6929807692307748,8.120559069258999,0.0038924006375594244,1.2493739189944455,0.8220322865323126,-0.806576765110002,-1.224463165861134,1.1598408157145323,-0.5349476108431672
535254,78.09,11001007809,2922,25.433962264150946,38819.0,2.1021021021021022,94.51951951951952,uberX,339.35715538757074,443.32569103035723,1.6232642487046647,7.512242241860752,0.0054590904505150825,1.1372662879574185,0.3754380757425896,-0.8578420286339293,-1.303808468521462,0.9946628459965844,-0.17587878567037518
401370,79.01,11001007901,3822,26.412745830221557,40658.0,15.633557381130197,79.18844909136172,uberX,266.38977140643163,356.2135922330097,1.6017259978425082,14.366524602867106,0.00952238582853726,0.6697875750260187,0.4409400686627529,-0.8130336542895841,-0.4097758132364705,-0.13754875812854855,0.7553857733069754
247945,79.03,11001007903,1774,25.223613595706617,46638.0,14.539007092198581,81.6193853427896,uberX,261.089753526585,353.3628318584071,1.605696902654866,14.013331266470313,0.007154812559236928,0.7439122720170781,0.36136115672920655,-0.6673272494069388,-0.4558442941855728,-0.21978744366487152,0.21276288440571378
322795,80.01,11001008001,2784,5.921938088829071,112115.0,59.682224428997024,38.464084740152266,uberX,253.43962848297213,332.2573949143747,1.5967825635703174,14.91486068111455,0.008624668907510959,-0.5719896068781918,-0.9303423988120748,0.9280604215798448,-0.3382540500227143,-0.3384919918452705,0.5496384980613854
579629,80.02,11001008002,3031,7.752992383025028,106429.0,58.88738127544097,35.739484396200815,uberX,269.8561618776949,349.27420692604915,1.6104541789841476,14.403868167880097,0.00522920695824398,-0.6550687805087262,-0.8078048843170617,0.7895175088436037,-0.4049049361952349,-0.08376188374906537,-0.22856566396230651
290283,81.0,11001008100,2910,2.7743142144638404,124239.0,81.52410575427683,14.867807153965785,uberX,220.8877890341041,292.7522935779817,1.5840978593272186,15.172840460907896,0.010024700034104649,-1.291493018440561,-1.1409871663388875,1.2234691929506125,-0.30460467064339464,-0.8435884931691118,0.8705109053970452
338424,82.0,11001008200,2918,10.2276707530648,98036.0,87.1601703242712,8.188666885031116,uberX,201.38053644585298,264.55828541557764,1.564871928907477,14.78704490994821,0.008622319930028603,-1.495154981317934,-0.6421948652147051,0.5850168639974429,-0.354925594506091,-1.1462763043523507,0.5491001371312432
303974,83.01,11001008301,2279,7.594417077175699,143208.0,78.56282617422721,16.45925331192292,uberX,195.0115973403433,251.0803324099723,1.560987996306559,16.746559455698158,0.007497351747188905,-1.242966256717843,-0.8184170348691543,1.6856606301109636,-0.09933793410086993,-1.2451010993194878,0.29126926312628554
260891,83.02,11001008302,2206,6.928508384819064,110250.0,75.12541806020067,21.57190635451505,uberX,209.9280686828061,271.898355754858,1.5687095166915799,15.523242323458891,0.00845563856169818,-1.0870700017749346,-0.8629808669197149,0.8826185411273141,-0.25890029327845654,-1.0136469752288964,0.5108985208255323
274180,84.02,11001008402,2149,12.162162162162163,74583.0,48.63252113376429,46.19592242665341,uberX,211.42901330034024,283.7142857142857,1.5844387755102052,15.156201670275285,0.007837916697060325,-0.3362285393638496,-0.5127351491188272,0.013569988794653607,-0.3067749375490346,-0.990357296739661,0.36932316724573655
219938,84.1,11001008410,1489,6.143344709897611,107662.0,39.45945945945946,58.31081081081081,uberX,227.3513262702034,306.36408485446475,1.5843611248149991,15.675508468022581,0.006770089752566632,0.03318157166999499,-0.9155254613108351,0.8195603177433197,-0.23903958454712013,-0.7432958492078299,0.12458846400294835
382687,87.01,11001008701,2407,11.707109408258834,66442.0,27.68122085629504,69.39381093683764,uberX,253.42361863488625,318.35915492957747,1.5636619718309797,21.978021978021978,0.006289735475728206,0.3711270959967088,-0.543188114715847,-0.18479051992601786,0.5830235566461186,-0.33874041154725393,0.014496316581816542
469972,87.02,11001008702,1599,27.427597955706982,51211.0,13.287904599659283,80.29528676888131,uberX,257.4235503599907,323.5132275132275,1.5633156966490238,21.947820701401255,0.003402330351595414,0.7035375375831351,0.5088558357872731,-0.5559032712249427,0.5790842780888436,-0.27667474785233315,-0.6472665653535147
468578,88.02,11001008802,4119,28.94620811287478,52606.0,13.674275680421422,81.91395961369624,uberX,265.786699736475,349.1068814055637,1.5796974133723807,15.881258719578359,0.008790425500130181,0.7528945020362697,0.610484015102369,-0.5219132319588407,-0.21220272052026978,-0.14690642871490991,0.5876281655017734
1165234,88.03,11001008803,2037,53.24909747292419,15313.0,30.813050233039874,63.64577938891765,uberX,286.715712847518,367.0605050023821,1.5717008099094858,16.25493688530938,0.0017481467241772897,0.19585672577027707,2.2368779820466695,-1.4305802816726352,-0.1634623177859009,0.1778423866370969,-1.0263880524566573
778052,88.04,11001008804,2412,29.868173258003765,38500.0,4.633781763826607,87.81763826606877,uberX,288.6988241442383,380.80356486392805,1.5747437582128805,14.795364805620881,0.0031000498681322073,0.9329109014719429,0.6721836149958552,-0.8656146612689735,-0.35384039578970206,0.2086136915669648,-0.7165460724851981
306230,89.03,11001008903,2633,33.373063170441,34949.0,6.567607726597326,88.97473997028231,uberX,266.65994258670185,360.9464788732394,1.5868732394366203,13.77143300488789,0.008598112529797865,0.9681935269057806,0.9067372815966015,-0.9521369762753737,-0.48739609402703804,-0.13335659817005008,0.5435520556351746
448764,89.04,11001008904,3309,24.257899776571975,31694.0,3.8301947015639963,83.81742738589212,uberX,247.69683363009986,348.22147651006713,1.5902125279642056,13.84222342649222,0.007373586116533412,0.810935502397094,0.296733815265141,-1.0314470678962784,-0.4781626038872517,-0.42760110632596426,0.26290348246648926
1430008,90.0,11001009000,2732,20.644511581067473,31848.0,2.3833501174890905,95.83752937227258,uberX,325.30775494220353,412.7401788640727,1.5603372891942553,6.231032492585314,0.0019104788224960979,1.1774553636311085,0.05491924439946821,-1.0276947624862571,-1.4709220033589094,0.7766627842243651,-0.9891832430877856
1835339,91.02,11001009102,4127,23.774029030992548,44043.0,11.11745669141443,85.20845231296403,uberX,294.0586589145525,367.5965387538408,1.5538196007804268,17.283465466216636,0.0022486309068787836,0.8533509714023596,0.2643522967661562,-0.7305560321277523,-0.029307042325376866,0.29178053669754667,-0.9116823423575028
640834,92.01,11001009201,1976,20.75098814229249,52279.0,33.35109216835376,59.82951518380394,uberX,279.573656159806,341.6103876687814,1.5713266998341586,23.39478771514787,0.003083481837730208,0.07949027326634066,0.06204485132758981,-0.5298807895502495,0.7678182247335142,0.06702137294641532,-0.7203432907747903
581089,92.03,11001009203,2582,16.81096681096681,68750.0,16.305916305916305,75.86580086580086,uberX,245.8612421687679,309.45054945054943,1.569830169830164,23.226854358419057,0.004443381306478009,0.5684725805324718,-0.20162860856289716,-0.12855467001478954,0.7459139761310188,-0.4560833930623268,-0.4086686372738696
302795,92.04,11001009204,2557,40.26324670941614,21993.0,10.597367532905839,75.76780290246373,uberX,271.88807936753994,338.16349384098544,1.5621873833519981,20.764222601147107,0.008444657276375105,0.5654844028976863,1.3678410118118842,-1.2678179431080747,0.42470263802388347,-0.052233268700702905,0.5083817257412486
1097297,93.01,11001009301,3143,12.04531902206321,75353.0,34.10783437593089,61.93029490616622,uberX,302.63373750680694,377.511966010164,1.539077192215174,17.856848007860187,0.0028643111208724713,0.1435477574038202,-0.520554506534335,0.03233151584476011,0.0454816356427097,0.42483729382268987,-0.7705749136292969
398354,93.02,11001009302,1189,2.5365853658536586,63375.0,18.926829268292682,75.1219512195122,uberX,293.36977743069116,366.1038412832419,1.549556775010552,18.500585708707536,0.002984782379491608,0.5457909369452871,-1.1568964172686884,-0.25951987507235114,0.12944703065907617,0.28109138262157823,-0.7429641683868465
1582837,94.0,11001009400,4163,15.18987341772152,71454.0,19.29902395740905,78.23868677905945,uberX,308.6561620441295,389.0845311886231,1.5269068911099444,14.853332142624588,0.0026300876211511354,0.6408271925513317,-0.31011515415699864,-0.06267003476350645,-0.3462794740926253,0.5182853328518405,-0.8242564759764316
1595269,95.01,11001009501,5797,27.566919696364362,43924.0,27.924960618645283,56.4513819275383,uberX,323.1851585867713,387.84555079067275,1.5588235294117627,20.959478151297283,0.0036338698990577767,-0.023516584222838564,0.518179502414412,-0.7334555408536778,0.45017063434585924,0.7437271341657681,-0.5942001366317347
1422862,95.03,11001009503,2910,17.221873035826523,80179.0,16.18638871857756,83.07786633966892,uberX,360.2927651819689,432.4783495326218,1.5364350309376502,16.595242287699318,0.0020451737413747784,0.7883846278418745,-0.17413000972590956,0.14991999577179124,-0.11907486385821742,1.3195140199783781,-0.9583125845320443
1026343,95.04,11001009504,3025,10.52064631956912,65682.0,18.241042345276874,68.40390879478826,uberX,312.374070306799,382.72103965317416,1.5459825750242007,20.204972475112186,0.002947357754668761,0.3409427601108497,-0.6225884025112208,-0.20330839078066842,0.3517573100064864,0.5759749285094735,-0.7515414987278924
1033853,95.05,11001009505,2630,11.80480803731611,70967.0,1.6785714285714286,84.53571428571428,uberX,297.0859450324191,375.6291930581684,1.5356877323420106,13.087327670563097,0.0025438819638768763,0.8328376805273067,-0.5366499431213745,-0.07453609148221017,-0.5766268079556692,0.3387539689990452,-0.8440139058293266
293853,95.07,11001009507,1489,8.256315465187923,53789.0,7.763401109057301,91.92852741836106,uberX,325.9150736446255,406.6629895201324,1.5485383342526238,14.204011281729864,0.005067159430055163,1.0582611292282296,-0.774121579746733,-0.49308870403640426,-0.430973103975771,0.7860863546577266,-0.2657052528507677
937117,95.08,11001009508,3290,10.830618892508143,60000.0,7.7904451682953315,81.65038002171553,uberX,335.1967720305562,409.2630398853212,1.5510065486296403,16.248601515392334,0.00351076759892308,0.7448573692743059,-0.6018444689370113,-0.341753841038727,-0.1642886665253943,0.9301075055497002,-0.6224138889137155
644068,95.09,11001009509,2940,3.9794995477841426,68973.0,2.291227012360567,84.95628580042207,uberX,313.4022070908664,385.8329355608592,1.5470167064439184,16.39665023088362,0.004564735400609874,0.8456618490230763,-1.060333951565831,-0.12312113685612233,-0.14497805466977584,0.5919281987795147,-0.3808555554184186
1884942,96.01,11001009601,2445,42.82418089524688,26607.0,0.18331805682859761,97.15857011915674,uberX,383.4848310102251,473.45591871600055,1.611130742049472,6.62147265416646,0.001297122139567159,1.2177368580627759,1.5392234284402282,-1.1553949745247094,-1.4199952635481727,1.6793779019173687,-1.1297581429370949
1298021,96.02,11001009602,3280,40.58338617628409,22949.0,0.31705770450221943,95.59289790741914,uberX,327.212286911306,409.79638255844804,1.5893926432848646,9.08408869274988,0.0025269236784304723,1.1699960017510556,1.3892653325904132,-1.244524410822488,-1.0987859756951857,0.8062147988121775,-0.8479005664700168
625729,96.03,11001009603,3373,18.241606092073383,39295.0,1.0348395998620215,92.3076923076923,uberX,300.8187579808668,399.33310663334703,1.6310064935064958,9.574527672019844,0.005390512506212753,1.0698227168736558,-0.10588760175527993,-0.8462439937302272,-1.0348159727396011,0.3966748359079298,-0.19159612913541466
488070,96.04,11001009604,1962,10.294117647058822,49196.0,2.975609756097561,96.6341463414634,uberX,339.0828263921385,433.14516129032256,1.6030913978494636,11.605053813757603,0.004019915176101788,1.2017460012093344,-0.6377481170971041,-0.6049999946093123,-0.7699659734966658,0.9904061705475005,-0.5057226199303341
403011,97.0,11001009700,3177,31.876861966236348,35833.0,0.2634178465591044,98.09022061244649,uberX,350.4784130688448,469.20110192837467,1.525895316804412,8.471411901983664,0.007883159516737756,1.2461449705651546,0.8066087505482136,-0.9305977685970697,-1.1786999665742812,1.167227851238639,0.3796923456081284
431383,98.01,11001009801,1575,40.2452025586354,26389.0,0.935064935064935,94.54545454545455,uberX,364.9738994935723,476.1904761904762,1.4869614512471703,6.871834826645889,0.003651047908702939,1.1380571050501167,1.366633464119359,-1.1607066795856487,-1.3873394804835486,1.392149686750201,-0.5902631175159603
200745,98.02,11001009802,1693,42.857142857142854,30658.0,0.0,100.0,uberX,363.8558727187646,490.2,1.4863750000000027,6.239276243955701,0.008433584896261425,1.3043784262302403,1.5414293034360789,-1.0566898497455126,-1.4698467364616623,1.3748016221890946,0.5058440526891816
531058,98.03,11001009803,2758,39.41712204007286,25500.0,0.17869907076483202,99.82130092923516,uberX,391.470223325062,520.8695652173913,1.3710144927536225,3.2102977667493793,0.005193406369925695,1.298929490880641,1.3112167957725842,-1.1823677153616807,-1.864929040946747,1.8032846853192106,-0.2367707822196913
518370,98.04,11001009804,2473,27.521842732327244,43098.0,1.4694201747418585,93.84432088959491,uberX,384.14503757650886,540.063492063492,1.4408465608465666,7.321608429534361,0.0047707236144066975,1.1166779677896057,0.5151628692366857,-0.7535815425983375,-1.3286736322898598,1.6896221164510745,-0.3336452235991736
1037014,98.07,11001009807,3072,34.05474220241884,39758.0,2.478314745972739,96.87112763320943,uberX,376.02077197333745,505.2631578947368,1.382631578947367,2.9452798015811505,0.0029623515208087835,1.208972092157999,0.9523564937230291,-0.8349627118806177,-1.8994964402189867,1.5635604805661567,-0.7481050852475133
398420,98.1,11001009810,2507,36.7635189669088,28922.0,0.16032064128256512,96.15230460921845,uberX,376.26935710933833,503.9788732394366,1.4468309859154955,4.44235882997028,0.00629235480146579,1.1870535663997728,1.13363280709865,-1.0989885652766618,-1.7042261743576752,1.5674176967665618,0.015096638488272647
467504,98.11,11001009811,4365,35.489989462592206,29375.0,0.0,99.55742887249737,uberX,349.7898178421298,481.44787644787647,1.524034749034754,8.06476724272147,0.00933681850850474,1.2908834402124643,1.0484058749483134,-1.0879509396225082,-1.2317403266484266,1.1565431389234295,0.7128556955318249
2102151,99.01,11001009901,2249,5.635062611806798,82151.0,6.216457960644007,90.87656529516994,uberX,360.5307074353268,455.01890094089947,1.645926226185655,9.630094627884546,0.001069856542179891,1.0261844453654538,-0.9495406323299492,0.19796899751570035,-1.0275681427726826,1.3232060939663006,-1.1818450272591983
1294559,99.02,11001009902,2905,19.9644128113879,42355.0,0.8480565371024734,97.34982332155478,uberX,331.5667758316125,424.545118479422,1.683333333333338,9.59348271119557,0.002244007418742599,1.2235685970349508,0.009405786326808328,-0.771685197920713,-1.0323435878694196,0.873782013321056,-0.9127419972040025
383679,99.03,11001009903,1851,19.230769230769234,61094.0,3.959276018099547,92.81674208144797,uberX,331.0277019118221,430.77199281867144,1.6958707360861789,8.69293796332423,0.004824345351192012,1.0853447858751948,-0.039690988782041726,-0.31509785325584844,-1.1498053978354974,0.8654173753942568,-0.32135568557319777
426198,99.04,11001009904,2243,38.10634328358209,33237.0,1.243666513127591,94.01197604790418,uberX,343.9968639749118,443.89473684210526,1.7215789473684235,8.93767150137201,0.0052628121201882695,1.1217901494855935,1.223497075291126,-0.9938509169374287,-1.1178837810513846,1.0666557230292102,-0.22086371433622634
431557,99.05,11001009905,2795,23.493100944081334,42788.0,3.727832066594282,96.23597538906985,uberX,319.15211970074813,422.76281494352736,1.6942658557775867,8.969763092269327,0.006476548868399771,1.189604876085433,0.24555207351168662,-0.7611348846574714,-1.1136979409136236,0.681147757223549,0.05731198109844075
252684,99.06,11001009906,1296,27.188940092165897,43929.0,2.9624753127057275,95.72086899275838,uberX,333.4773790951638,439.8457583547558,1.6999143101970917,9.102964118564742,0.00512893574583274,1.1738981270819095,0.49288441347297396,-0.7333337127559498,-1.0963239751279348,0.9034282342467137,-0.2515467710975034
466954,99.07,11001009907,2836,39.37368050668543,24831.0,0.49261083743842365,97.11470795214638,uberX,330.503002417531,423.30827067669173,1.6787802840434445,9.33478905092412,0.006073403375921397,1.2163994022421618,1.3083096086159711,-1.1986683148376822,-1.0660860816589401,0.8572757808392358,-0.035084725103933324
580133,101.0,11001010100,2621,14.046121593291405,80992.0,65.61604584527221,28.57142857142857,uberX,146.65249980681557,195.25384544955136,1.5874726647922441,24.73533730005409,0.004517929509267702,-0.8736388749380427,-0.3866571257462934,0.16972924446235824,0.9426717019922096,-1.9954737782500065,-0.39158297336447156
1242458,102.0,11001010200,2324,5.348014156508062,92917.0,47.03106567046795,45.694062131340935,uberX,194.31033150452052,246.8443265080986,1.5163265306122442,12.684491152152074,0.0018704857628990277,-0.35153138504728954,-0.9687504418716076,0.46028925754355304,-0.6291704563249919,-1.2559824174314305,-0.9983492316618058
1084530,103.0,11001010300,3187,20.17766497461929,61926.0,23.41166231505657,60.25529445894981,uberX,281.05263157894734,367.7303370786517,1.5098127340824021,10.393958268452195,0.002938600130932293,0.09247323805479303,0.02367701254106664,-0.2948256577939152,-0.9279342200826216,0.08997016239733656,-0.7535486539671459
2740208,104.0,11001010400,4365,31.906614785992215,35410.0,6.049661399548533,91.39954853273137,uberX,419.94411879967737,532.3840039001666,1.5306689834926175,8.970745777996365,0.00159294476915621,1.0421313769202711,0.8085998638612697,-0.9409044256648554,-1.1135697651129224,2.245105031781662,-1.0619587079834236
749889,105.0,11001010500,3410,9.512693317770644,75938.0,47.62182667055734,47.82608695652174,uberX,243.20086593474562,295.1436031331593,1.5033942558746745,11.844750270604608,0.004547339672938262,-0.2865211676665924,-0.6900424676144126,0.04658540327893193,-0.7387013642362634,-0.4973636018235085,-0.3848424732156867
1231590,106.0,11001010600,3933,21.42996679038875,84505.0,54.13166634108224,40.51572572768119,uberX,194.1476613838423,251.17996604414262,1.5573853989813238,18.21414766138384,0.003193432879448518,-0.509430472945456,0.10748334880777222,0.25532566592602596,0.09208572067273751,-1.258506517765409,-0.6951436685842071
891593,107.0,11001010700,1838,21.38328530259366,73300.0,72.92787944025835,23.627556512378902,uberX,170.62585566553116,217.94069927350745,1.5905339446827331,26.127210644761757,0.00206147872403664,-1.0243886192492597,0.10435933795485997,-0.01769110108234203,1.124219551445948,-1.6234868683167267,-0.9545756540175014
661579,108.0,11001010800,6408,36.983321247280635,30694.0,69.99682337992375,24.444091486658195,uberX,184.2092604627971,228.34205350213233,1.5750407564395101,23.717207368790003,0.009685918083856954,-0.9994906370354094,1.1483423791755,-1.0558126874418714,0.8098727658043057,-1.4127175122580145,0.7928656460360399
2379832,109.0,11001010900,3211,54.36917034855179,32092.0,1.3552758954501452,97.79767666989352,uberX,407.0926086934787,515.0017383806636,1.4509067357512966,6.08772666384088,0.0013492549053882796,1.2372246498099018,2.31183531491645,-1.0217495513171326,-1.4896139807012891,2.0456922520041845,-1.1178098613936776
649470,110.0,11001011000,3715,3.8613560352690786,87906.0,58.73297809354647,36.53049141503848,uberX,274.3837946497603,333.006993006993,1.3750582750582814,6.6336786763568885,0.0057200486550572005,-0.6309492028954904,-1.0682403322904197,0.33819313800058726,-1.4184031811309883,-0.01350805136451979,-0.1160699101997644
5715826,111.0,11001011100,4859,17.978921264724114,58833.0,11.213850088530396,85.44166830611843,uberX,304.2629214361295,396.83226520022663,1.5522941822173462,10.12609313095352,0.0008500958566618368,0.8604622499543516,-0.1234669525920969,-0.3701885190484339,-0.9628729879248411,0.45011682077558113,-1.2322118647247895
